merchant_id,payer_id,segment,channel_source
mid00001,pid0282,occasional,16
mid00002,pid0105,occasional,30
mid00003,pid0090,high_frequency,30
mid00004,pid0096,occasional,16
mid00005,pid0028,regular,30
mid00006,pid0559,regular,26
mid00007,pid0285,occasional,16
mid00008,pid0433,high_frequency,26
mid00009,pid0345,occasional,16
mid00010,pid0368,occasional,26
mid00011,pid0045,occasional,30
mid00012,pid0388,regular,16
mid00013,pid0644,occasional,30
mid00014,pid0592,high_frequency,16
mid00015,pid0678,occasional,16
mid00016,pid0082,occasional,16
mid00017,pid0285,occasional,26
mid00018,pid0167,high_frequency,26
mid00019,pid0274,occasional,30
mid00020,pid0074,regular,30
mid00021,pid0251,occasional,16
mid00022,pid0656,occasional,30
mid00023,pid0333,occasional,16
mid00024,pid0324,high_frequency,26
mid00025,pid0581,occasional,30
mid00026,pid0512,occasional,26
mid00027,pid0470,high_frequency,16
mid00028,pid0575,occasional,30
mid00029,pid0439,regular,30
mid00030,pid0142,occasional,30
mid00031,pid0049,occasional,16
mid00032,pid0697,regular,26
mid00033,pid0391,occasional,30
mid00034,pid0567,regular,16
mid00035,pid0699,regular,30
mid00036,pid0657,occasional,26
mid00037,pid0162,occasional,26
mid00038,pid0270,high_frequency,30
mid00039,pid0109,occasional,30
mid00040,pid0520,high_frequency,30
mid00041,pid0166,occasional,30
mid00042,pid0001,high_frequency,30
mid00043,pid0115,regular,26
mid00044,pid0315,high_frequency,16
mid00045,pid0581,occasional,16
mid00046,pid0071,regular,30
mid00047,pid0676,occasional,26
mid00048,pid0541,occasional,30
mid00049,pid0553,high_frequency,30
mid00050,pid0320,occasional,26
mid00051,pid0530,occasional,26
mid00052,pid0066,occasional,26
mid00053,pid0236,regular,30
mid00054,pid0647,occasional,16
mid00055,pid0033,occasional,26
mid00056,pid0286,regular,30
mid00057,pid0136,occasional,30
mid00058,pid0591,high_frequency,26
mid00059,pid0417,regular,16
mid00060,pid0442,occasional,26
mid00061,pid0056,occasional,30
mid00062,pid0101,high_frequency,16
mid00063,pid0112,regular,16
mid00064,pid0460,occasional,16
mid00065,pid0474,occasional,16
mid00066,pid0454,high_frequency,30
mid00067,pid0554,occasional,16
mid00068,pid0243,high_frequency,16
mid00069,pid0219,regular,26
mid00070,pid0389,occasional,16
mid00071,pid0466,occasional,26
mid00072,pid0570,regular,30
mid00073,pid0195,regular,26
mid00074,pid0594,high_frequency,30
mid00075,pid0322,occasional,16
mid00076,pid0515,regular,30
mid00077,pid0521,occasional,16
mid00078,pid0610,occasional,16
mid00079,pid0414,high_frequency,16
mid00080,pid0253,high_frequency,30
mid00081,pid0084,occasional,26
mid00082,pid0536,regular,26
mid00083,pid0686,occasional,30
mid00084,pid0406,occasional,16
mid00085,pid0469,regular,26
mid00086,pid0075,regular,16
mid00087,pid0577,regular,16
mid00088,pid0519,regular,26
mid00089,pid0071,high_frequency,16
mid00090,pid0449,occasional,30
mid00091,pid0670,occasional,30
mid00092,pid0568,regular,26
mid00093,pid0138,regular,26
mid00094,pid0567,high_frequency,16
mid00095,pid0216,occasional,30
mid00096,pid0650,occasional,26
mid00097,pid0053,regular,16
mid00098,pid0284,occasional,16
mid00099,pid0134,occasional,30
mid00100,pid0453,occasional,30
mid00101,pid0010,occasional,16
mid00102,pid0153,high_frequency,30
mid00103,pid0597,high_frequency,30
mid00104,pid0043,occasional,26
mid00105,pid0041,high_frequency,26
mid00106,pid0683,regular,16
mid00107,pid0417,regular,30
mid00108,pid0243,occasional,16
mid00109,pid0026,high_frequency,16
mid00110,pid0422,high_frequency,30
mid00111,pid0255,regular,26
mid00112,pid0111,regular,26
mid00113,pid0482,occasional,16
mid00114,pid0472,high_frequency,26
mid00115,pid0234,high_frequency,16
mid00116,pid0409,regular,26
mid00117,pid0286,high_frequency,26
mid00118,pid0696,regular,30
mid00119,pid0119,high_frequency,26
mid00120,pid0272,regular,16
mid00121,pid0354,regular,30
mid00122,pid0621,occasional,30
mid00123,pid0591,occasional,16
mid00124,pid0447,occasional,16
mid00125,pid0552,high_frequency,30
mid00126,pid0687,high_frequency,16
mid00127,pid0681,occasional,26
mid00128,pid0128,occasional,30
mid00129,pid0317,occasional,30
mid00130,pid0303,occasional,30
mid00131,pid0681,occasional,26
mid00132,pid0179,regular,30
mid00133,pid0562,occasional,16
mid00134,pid0441,occasional,30
mid00135,pid0477,regular,26
mid00136,pid0524,regular,26
mid00137,pid0174,high_frequency,30
mid00138,pid0680,occasional,30
mid00139,pid0241,occasional,30
mid00140,pid0204,occasional,16
mid00141,pid0487,occasional,30
mid00142,pid0467,regular,26
mid00143,pid0200,regular,30
mid00144,pid0410,occasional,16
mid00145,pid0006,regular,16
mid00146,pid0181,occasional,30
mid00147,pid0571,regular,16
mid00148,pid0468,high_frequency,16
mid00149,pid0544,regular,30
mid00150,pid0454,occasional,30
mid00151,pid0517,regular,26
mid00152,pid0457,high_frequency,16
mid00153,pid0461,high_frequency,26
mid00154,pid0653,occasional,26
mid00155,pid0497,regular,30
mid00156,pid0080,occasional,30
mid00157,pid0344,occasional,26
mid00158,pid0142,regular,16
mid00159,pid0157,occasional,30
mid00160,pid0418,occasional,26
mid00161,pid0064,regular,16
mid00162,pid0599,occasional,30
mid00163,pid0590,high_frequency,26
mid00164,pid0361,occasional,26
mid00165,pid0430,occasional,30
mid00166,pid0618,regular,16
mid00167,pid0447,occasional,26
mid00168,pid0685,occasional,30
mid00169,pid0170,occasional,26
mid00170,pid0638,occasional,30
mid00171,pid0607,high_frequency,30
mid00172,pid0659,occasional,26
mid00173,pid0187,high_frequency,16
mid00174,pid0217,occasional,26
mid00175,pid0389,occasional,26
mid00176,pid0432,high_frequency,26
mid00177,pid0020,occasional,30
mid00178,pid0359,occasional,16
mid00179,pid0668,occasional,16
mid00180,pid0254,occasional,16
mid00181,pid0157,occasional,16
mid00182,pid0118,regular,30
mid00183,pid0263,regular,26
mid00184,pid0118,regular,16
mid00185,pid0027,occasional,26
mid00186,pid0385,regular,26
mid00187,pid0607,occasional,30
mid00188,pid0105,regular,30
mid00189,pid0615,occasional,16
mid00190,pid0043,high_frequency,26
mid00191,pid0380,occasional,16
mid00192,pid0013,regular,26
mid00193,pid0444,regular,26
mid00194,pid0471,high_frequency,30
mid00195,pid0535,occasional,30
mid00196,pid0552,regular,26
mid00197,pid0607,occasional,26
mid00198,pid0089,high_frequency,26
mid00199,pid0476,regular,30
mid00200,pid0345,regular,16
mid00201,pid0187,high_frequency,26
mid00202,pid0265,occasional,26
mid00203,pid0283,high_frequency,30
mid00204,pid0196,regular,16
mid00205,pid0501,regular,30
mid00206,pid0488,occasional,30
mid00207,pid0018,regular,16
mid00208,pid0250,occasional,26
mid00209,pid0485,regular,30
mid00210,pid0564,occasional,26
mid00211,pid0278,regular,26
mid00212,pid0198,occasional,26
mid00213,pid0190,regular,16
mid00214,pid0284,regular,30
mid00215,pid0538,high_frequency,30
mid00216,pid0199,high_frequency,26
mid00217,pid0310,occasional,16
mid00218,pid0281,regular,16
mid00219,pid0130,regular,30
mid00220,pid0106,regular,16
mid00221,pid0491,occasional,26
mid00222,pid0053,occasional,26
mid00223,pid0067,regular,26
mid00224,pid0055,regular,16
mid00225,pid0312,high_frequency,16
mid00226,pid0427,occasional,30
mid00227,pid0232,regular,30
mid00228,pid0454,regular,26
mid00229,pid0440,regular,26
mid00230,pid0625,regular,30
mid00231,pid0213,high_frequency,30
mid00232,pid0084,occasional,16
mid00233,pid0077,occasional,16
mid00234,pid0609,occasional,26
mid00235,pid0296,occasional,30
mid00236,pid0465,regular,16
mid00237,pid0271,occasional,30
mid00238,pid0203,regular,26
mid00239,pid0664,regular,16
mid00240,pid0146,occasional,16
mid00241,pid0315,occasional,30
mid00242,pid0296,high_frequency,26
mid00243,pid0312,regular,30
mid00244,pid0513,high_frequency,30
mid00245,pid0613,occasional,16
mid00246,pid0331,occasional,30
mid00247,pid0235,occasional,30
mid00248,pid0602,high_frequency,16
mid00249,pid0276,regular,30
mid00250,pid0180,regular,26
mid00251,pid0285,regular,16
mid00252,pid0504,occasional,16
mid00253,pid0342,occasional,26
mid00254,pid0165,occasional,26
mid00255,pid0296,regular,30
mid00256,pid0564,occasional,16
mid00257,pid0259,occasional,26
mid00258,pid0414,high_frequency,30
mid00259,pid0674,high_frequency,30
mid00260,pid0193,occasional,30
mid00261,pid0511,regular,30
mid00262,pid0209,regular,26
mid00263,pid0295,occasional,26
mid00264,pid0125,regular,16
mid00265,pid0246,regular,30
mid00266,pid0015,occasional,30
mid00267,pid0117,occasional,26
mid00268,pid0158,occasional,26
mid00269,pid0522,regular,30
mid00270,pid0495,occasional,26
mid00271,pid0149,regular,26
mid00272,pid0521,high_frequency,30
mid00273,pid0072,occasional,26
mid00274,pid0425,regular,26
mid00275,pid0274,regular,16
mid00276,pid0594,high_frequency,30
mid00277,pid0458,high_frequency,30
mid00278,pid0566,occasional,30
mid00279,pid0330,regular,16
mid00280,pid0393,occasional,16
mid00281,pid0045,regular,26
mid00282,pid0391,regular,26
mid00283,pid0668,regular,16
mid00284,pid0130,high_frequency,30
mid00285,pid0103,occasional,26
mid00286,pid0468,regular,16
mid00287,pid0671,occasional,16
mid00288,pid0272,regular,26
mid00289,pid0666,regular,16
mid00290,pid0691,occasional,30
mid00291,pid0642,high_frequency,30
mid00292,pid0555,regular,16
mid00293,pid0647,occasional,30
mid00294,pid0233,occasional,30
mid00295,pid0101,occasional,30
mid00296,pid0455,high_frequency,16
mid00297,pid0030,occasional,16
mid00298,pid0301,regular,26
mid00299,pid0251,occasional,30
mid00300,pid0185,regular,16
mid00301,pid0392,occasional,30
mid00302,pid0598,occasional,16
mid00303,pid0261,regular,26
mid00304,pid0477,regular,26
mid00305,pid0076,regular,26
mid00306,pid0307,high_frequency,30
mid00307,pid0468,regular,26
mid00308,pid0495,high_frequency,16
mid00309,pid0368,occasional,30
mid00310,pid0303,high_frequency,16
mid00311,pid0282,regular,16
mid00312,pid0051,high_frequency,30
mid00313,pid0294,regular,16
mid00314,pid0225,high_frequency,30
mid00315,pid0695,regular,30
mid00316,pid0141,regular,30
mid00317,pid0662,high_frequency,16
mid00318,pid0035,regular,30
mid00319,pid0093,regular,26
mid00320,pid0180,regular,16
mid00321,pid0375,regular,30
mid00322,pid0169,high_frequency,26
mid00323,pid0494,high_frequency,26
mid00324,pid0118,high_frequency,26
mid00325,pid0232,occasional,30
mid00326,pid0407,regular,30
mid00327,pid0405,occasional,16
mid00328,pid0466,regular,26
mid00329,pid0269,regular,30
mid00330,pid0381,high_frequency,16
mid00331,pid0026,occasional,30
mid00332,pid0336,high_frequency,30
mid00333,pid0651,regular,26
mid00334,pid0665,regular,26
mid00335,pid0039,occasional,26
mid00336,pid0551,occasional,16
mid00337,pid0687,regular,30
mid00338,pid0430,high_frequency,30
mid00339,pid0425,regular,30
mid00340,pid0631,high_frequency,26
mid00341,pid0034,high_frequency,30
mid00342,pid0456,occasional,16
mid00343,pid0377,occasional,30
mid00344,pid0368,high_frequency,16
mid00345,pid0126,occasional,26
mid00346,pid0658,regular,30
mid00347,pid0052,high_frequency,26
mid00348,pid0579,high_frequency,16
mid00349,pid0568,high_frequency,16
mid00350,pid0239,occasional,26
mid00351,pid0611,occasional,16
mid00352,pid0149,high_frequency,16
mid00353,pid0179,occasional,16
mid00354,pid0135,high_frequency,16
mid00355,pid0244,regular,30
mid00356,pid0272,occasional,16
mid00357,pid0539,regular,16
mid00358,pid0460,occasional,26
mid00359,pid0463,regular,30
mid00360,pid0045,high_frequency,30
mid00361,pid0675,high_frequency,30
mid00362,pid0032,regular,16
mid00363,pid0437,high_frequency,30
mid00364,pid0455,regular,16
mid00365,pid0623,occasional,16
mid00366,pid0640,occasional,30
mid00367,pid0333,regular,26
mid00368,pid0465,regular,30
mid00369,pid0118,occasional,30
mid00370,pid0565,high_frequency,30
mid00371,pid0463,occasional,16
mid00372,pid0465,occasional,26
mid00373,pid0321,regular,26
mid00374,pid0384,regular,16
mid00375,pid0069,high_frequency,16
mid00376,pid0443,occasional,16
mid00377,pid0134,regular,30
mid00378,pid0576,regular,30
mid00379,pid0421,regular,26
mid00380,pid0434,regular,30
mid00381,pid0615,high_frequency,26
mid00382,pid0520,occasional,16
mid00383,pid0230,regular,16
mid00384,pid0377,high_frequency,16
mid00385,pid0232,occasional,26
mid00386,pid0637,regular,30
mid00387,pid0027,regular,30
mid00388,pid0274,regular,16
mid00389,pid0317,occasional,26
mid00390,pid0147,occasional,30
mid00391,pid0649,occasional,16
mid00392,pid0221,regular,26
mid00393,pid0162,regular,26
mid00394,pid0582,regular,30
mid00395,pid0160,high_frequency,16
mid00396,pid0691,regular,16
mid00397,pid0435,occasional,26
mid00398,pid0280,occasional,16
mid00399,pid0354,regular,26
mid00400,pid0695,occasional,30
mid00401,pid0316,regular,16
mid00402,pid0614,occasional,16
mid00403,pid0217,occasional,16
mid00404,pid0336,occasional,16
mid00405,pid0441,regular,16
mid00406,pid0236,occasional,30
mid00407,pid0363,high_frequency,16
mid00408,pid0044,high_frequency,26
mid00409,pid0080,regular,26
mid00410,pid0415,occasional,30
mid00411,pid0118,occasional,26
mid00412,pid0176,high_frequency,30
mid00413,pid0371,high_frequency,16
mid00414,pid0250,high_frequency,26
mid00415,pid0081,occasional,26
mid00416,pid0348,occasional,16
mid00417,pid0079,regular,30
mid00418,pid0523,occasional,16
mid00419,pid0360,regular,30
mid00420,pid0152,high_frequency,16
mid00421,pid0203,occasional,16
mid00422,pid0672,occasional,16
mid00423,pid0644,high_frequency,26
mid00424,pid0594,regular,26
mid00425,pid0579,high_frequency,30
mid00426,pid0331,high_frequency,30
mid00427,pid0070,occasional,26
mid00428,pid0282,regular,30
mid00429,pid0076,occasional,26
mid00430,pid0059,regular,26
mid00431,pid0661,occasional,16
mid00432,pid0394,regular,26
mid00433,pid0043,regular,26
mid00434,pid0668,high_frequency,16
mid00435,pid0514,regular,16
mid00436,pid0106,occasional,26
mid00437,pid0662,occasional,16
mid00438,pid0449,occasional,26
mid00439,pid0163,regular,26
mid00440,pid0397,high_frequency,26
mid00441,pid0613,occasional,16
mid00442,pid0343,regular,16
mid00443,pid0695,occasional,26
mid00444,pid0673,occasional,30
mid00445,pid0084,occasional,30
mid00446,pid0359,occasional,26
mid00447,pid0679,regular,26
mid00448,pid0087,regular,26
mid00449,pid0337,occasional,16
mid00450,pid0540,regular,16
mid00451,pid0521,regular,26
mid00452,pid0185,occasional,16
mid00453,pid0498,high_frequency,16
mid00454,pid0159,high_frequency,16
mid00455,pid0104,high_frequency,30
mid00456,pid0345,occasional,30
mid00457,pid0158,regular,16
mid00458,pid0640,high_frequency,16
mid00459,pid0421,occasional,26
mid00460,pid0455,regular,30
mid00461,pid0460,regular,16
mid00462,pid0481,occasional,16
mid00463,pid0585,regular,26
mid00464,pid0392,regular,30
mid00465,pid0166,occasional,16
mid00466,pid0257,regular,16
mid00467,pid0381,regular,30
mid00468,pid0529,regular,16
mid00469,pid0165,occasional,26
mid00470,pid0151,high_frequency,26
mid00471,pid0228,high_frequency,26
mid00472,pid0425,high_frequency,16
mid00473,pid0242,regular,26
mid00474,pid0029,occasional,26
mid00475,pid0666,high_frequency,26
mid00476,pid0040,occasional,26
mid00477,pid0143,regular,30
mid00478,pid0006,occasional,16
mid00479,pid0154,occasional,30
mid00480,pid0434,regular,16
mid00481,pid0309,occasional,16
mid00482,pid0655,occasional,30
mid00483,pid0512,occasional,30
mid00484,pid0528,occasional,30
mid00485,pid0299,regular,26
mid00486,pid0247,regular,30
mid00487,pid0685,occasional,16
mid00488,pid0070,high_frequency,30
mid00489,pid0520,regular,30
mid00490,pid0482,occasional,16
mid00491,pid0383,occasional,26
mid00492,pid0070,occasional,26
mid00493,pid0644,regular,16
mid00494,pid0341,regular,16
mid00495,pid0347,occasional,30
mid00496,pid0476,high_frequency,30
mid00497,pid0139,regular,16
mid00498,pid0469,regular,16
mid00499,pid0205,occasional,16
mid00500,pid0528,high_frequency,26
mid00501,pid0260,regular,16
mid00502,pid0293,regular,26
mid00503,pid0672,regular,26
mid00504,pid0377,occasional,26
mid00505,pid0396,regular,26
mid00506,pid0510,regular,26
mid00507,pid0085,regular,30
mid00508,pid0617,occasional,16
mid00509,pid0106,occasional,16
mid00510,pid0314,regular,26
mid00511,pid0171,regular,30
mid00512,pid0044,occasional,30
mid00513,pid0630,high_frequency,26
mid00514,pid0059,regular,16
mid00515,pid0373,regular,30
mid00516,pid0164,regular,16
mid00517,pid0695,high_frequency,26
mid00518,pid0242,occasional,30
mid00519,pid0581,occasional,16
mid00520,pid0461,occasional,26
mid00521,pid0079,occasional,30
mid00522,pid0408,regular,26
mid00523,pid0117,occasional,16
mid00524,pid0531,occasional,26
mid00525,pid0267,occasional,30
mid00526,pid0293,high_frequency,30
mid00527,pid0205,high_frequency,16
mid00528,pid0463,high_frequency,16
mid00529,pid0090,regular,30
mid00530,pid0328,high_frequency,30
mid00531,pid0564,regular,30
mid00532,pid0162,high_frequency,30
mid00533,pid0654,high_frequency,16
mid00534,pid0230,occasional,16
mid00535,pid0243,regular,26
mid00536,pid0587,occasional,26
mid00537,pid0565,high_frequency,16
mid00538,pid0068,high_frequency,26
mid00539,pid0491,high_frequency,30
mid00540,pid0589,regular,16
mid00541,pid0658,high_frequency,16
mid00542,pid0530,regular,26
mid00543,pid0565,high_frequency,30
mid00544,pid0133,occasional,26
mid00545,pid0057,high_frequency,16
mid00546,pid0169,occasional,16
mid00547,pid0231,high_frequency,26
mid00548,pid0291,high_frequency,16
mid00549,pid0565,occasional,26
mid00550,pid0630,regular,30
mid00551,pid0173,regular,30
mid00552,pid0176,regular,30
mid00553,pid0620,regular,26
mid00554,pid0043,high_frequency,16
mid00555,pid0657,occasional,30
mid00556,pid0586,regular,26
mid00557,pid0510,regular,30
mid00558,pid0310,occasional,26
mid00559,pid0416,high_frequency,26
mid00560,pid0062,occasional,16
mid00561,pid0476,occasional,16
mid00562,pid0321,regular,30
mid00563,pid0354,regular,26
mid00564,pid0528,regular,30
mid00565,pid0478,occasional,16
mid00566,pid0145,occasional,16
mid00567,pid0394,occasional,30
mid00568,pid0164,occasional,26
mid00569,pid0321,regular,16
mid00570,pid0528,occasional,26
mid00571,pid0510,high_frequency,16
mid00572,pid0518,high_frequency,26
mid00573,pid0598,occasional,26
mid00574,pid0507,occasional,30
mid00575,pid0689,high_frequency,26
mid00576,pid0111,regular,26
mid00577,pid0375,high_frequency,26
mid00578,pid0053,occasional,30
mid00579,pid0567,occasional,26
mid00580,pid0462,occasional,30
mid00581,pid0639,high_frequency,30
mid00582,pid0100,occasional,26
mid00583,pid0348,regular,30
mid00584,pid0148,occasional,16
mid00585,pid0513,regular,16
mid00586,pid0342,occasional,26
mid00587,pid0528,occasional,16
mid00588,pid0327,high_frequency,16
mid00589,pid0307,high_frequency,30
mid00590,pid0522,regular,30
mid00591,pid0307,regular,26
mid00592,pid0340,occasional,30
mid00593,pid0598,high_frequency,26
mid00594,pid0645,high_frequency,16
mid00595,pid0672,regular,30
mid00596,pid0053,occasional,30
mid00597,pid0645,occasional,30
mid00598,pid0390,regular,16
mid00599,pid0033,regular,30
mid00600,pid0020,occasional,26
mid00601,pid0423,occasional,30
mid00602,pid0627,occasional,26
mid00603,pid0064,high_frequency,30
mid00604,pid0575,regular,26
mid00605,pid0386,regular,26
mid00606,pid0546,regular,26
mid00607,pid0698,occasional,30
mid00608,pid0625,regular,26
mid00609,pid0286,high_frequency,30
mid00610,pid0305,occasional,26
mid00611,pid0501,occasional,26
mid00612,pid0281,occasional,26
mid00613,pid0557,regular,26
mid00614,pid0354,high_frequency,16
mid00615,pid0081,occasional,26
mid00616,pid0263,occasional,30
mid00617,pid0552,occasional,26
mid00618,pid0279,regular,16
mid00619,pid0601,regular,16
mid00620,pid0544,occasional,16
mid00621,pid0103,occasional,26
mid00622,pid0103,regular,30
mid00623,pid0564,occasional,16
mid00624,pid0488,regular,26
mid00625,pid0295,occasional,26
mid00626,pid0092,regular,30
mid00627,pid0039,occasional,16
mid00628,pid0181,high_frequency,16
mid00629,pid0508,occasional,16
mid00630,pid0297,regular,16
mid00631,pid0618,occasional,16
mid00632,pid0292,high_frequency,26
mid00633,pid0506,regular,16
mid00634,pid0280,regular,16
mid00635,pid0167,occasional,30
mid00636,pid0191,regular,16
mid00637,pid0303,occasional,30
mid00638,pid0180,regular,30
mid00639,pid0416,regular,26
mid00640,pid0411,occasional,30
mid00641,pid0144,occasional,26
mid00642,pid0007,high_frequency,26
mid00643,pid0274,occasional,26
mid00644,pid0587,regular,16
mid00645,pid0242,regular,16
mid00646,pid0315,occasional,16
mid00647,pid0319,regular,30
mid00648,pid0303,regular,26
mid00649,pid0137,occasional,26
mid00650,pid0621,regular,26
mid00651,pid0483,regular,30
mid00652,pid0224,regular,16
mid00653,pid0084,regular,30
mid00654,pid0371,regular,16
mid00655,pid0064,regular,30
mid00656,pid0587,regular,30
mid00657,pid0533,occasional,26
mid00658,pid0598,regular,26
mid00659,pid0457,high_frequency,16
mid00660,pid0426,occasional,26
mid00661,pid0474,occasional,30
mid00662,pid0023,occasional,26
mid00663,pid0224,high_frequency,30
mid00664,pid0353,occasional,30
mid00665,pid0062,regular,16
mid00666,pid0294,regular,26
mid00667,pid0657,regular,30
mid00668,pid0384,high_frequency,26
mid00669,pid0387,high_frequency,26
mid00670,pid0678,regular,30
mid00671,pid0357,regular,16
mid00672,pid0403,high_frequency,30
mid00673,pid0229,regular,16
mid00674,pid0306,occasional,26
mid00675,pid0435,regular,30
mid00676,pid0254,high_frequency,26
mid00677,pid0194,occasional,30
mid00678,pid0677,occasional,26
mid00679,pid0017,regular,16
mid00680,pid0609,occasional,16
mid00681,pid0050,regular,16
mid00682,pid0450,occasional,16
mid00683,pid0058,occasional,16
mid00684,pid0240,high_frequency,30
mid00685,pid0613,occasional,30
mid00686,pid0310,occasional,16
mid00687,pid0424,regular,26
mid00688,pid0606,occasional,30
mid00689,pid0696,occasional,26
mid00690,pid0353,regular,30
mid00691,pid0538,occasional,26
mid00692,pid0153,occasional,26
mid00693,pid0551,occasional,26
mid00694,pid0308,high_frequency,30
mid00695,pid0060,high_frequency,30
mid00696,pid0571,high_frequency,30
mid00697,pid0262,occasional,16
mid00698,pid0461,regular,26
mid00699,pid0196,regular,16
mid00700,pid0620,occasional,30
mid00701,pid0193,high_frequency,30
mid00702,pid0223,regular,26
mid00703,pid0341,high_frequency,26
mid00704,pid0217,high_frequency,16
mid00705,pid0491,regular,16
mid00706,pid0210,regular,26
mid00707,pid0330,occasional,26
mid00708,pid0665,regular,26
mid00709,pid0526,occasional,26
mid00710,pid0481,occasional,26
mid00711,pid0321,occasional,26
mid00712,pid0227,regular,30
mid00713,pid0567,occasional,30
mid00714,pid0303,regular,16
mid00715,pid0389,occasional,30
mid00716,pid0564,occasional,30
mid00717,pid0264,regular,26
mid00718,pid0503,regular,26
mid00719,pid0560,occasional,26
mid00720,pid0556,high_frequency,30
mid00721,pid0077,regular,30
mid00722,pid0423,regular,16
mid00723,pid0070,regular,30
mid00724,pid0518,occasional,26
mid00725,pid0654,occasional,30
mid00726,pid0495,regular,30
mid00727,pid0545,occasional,30
mid00728,pid0543,occasional,30
mid00729,pid0294,regular,16
mid00730,pid0691,high_frequency,26
mid00731,pid0184,high_frequency,16
mid00732,pid0153,occasional,16
mid00733,pid0259,regular,26
mid00734,pid0081,regular,26
mid00735,pid0250,regular,30
mid00736,pid0083,occasional,30
mid00737,pid0033,regular,16
mid00738,pid0566,occasional,26
mid00739,pid0176,regular,16
mid00740,pid0661,high_frequency,26
mid00741,pid0098,high_frequency,30
mid00742,pid0217,occasional,30
mid00743,pid0278,regular,16
mid00744,pid0288,occasional,30
mid00745,pid0184,regular,26
mid00746,pid0602,high_frequency,16
mid00747,pid0408,high_frequency,16
mid00748,pid0247,occasional,30
mid00749,pid0694,high_frequency,30
mid00750,pid0144,occasional,30
mid00751,pid0355,occasional,16
mid00752,pid0078,occasional,26
mid00753,pid0610,regular,26
mid00754,pid0650,occasional,26
mid00755,pid0503,high_frequency,16
mid00756,pid0385,regular,26
mid00757,pid0677,regular,26
mid00758,pid0303,regular,16
mid00759,pid0275,occasional,16
mid00760,pid0650,regular,16
mid00761,pid0370,occasional,16
mid00762,pid0316,occasional,26
mid00763,pid0105,regular,16
mid00764,pid0460,occasional,30
mid00765,pid0106,regular,16
mid00766,pid0096,occasional,30
mid00767,pid0395,regular,16
mid00768,pid0087,occasional,30
mid00769,pid0249,regular,30
mid00770,pid0390,occasional,16
mid00771,pid0275,occasional,26
mid00772,pid0446,occasional,26
mid00773,pid0079,occasional,26
mid00774,pid0641,high_frequency,26
mid00775,pid0469,regular,16
mid00776,pid0406,occasional,26
mid00777,pid0338,regular,26
mid00778,pid0667,occasional,30
mid00779,pid0618,occasional,30
mid00780,pid0182,regular,26
mid00781,pid0649,occasional,26
mid00782,pid0334,regular,26
mid00783,pid0403,high_frequency,26
mid00784,pid0205,high_frequency,30
mid00785,pid0564,occasional,16
mid00786,pid0215,regular,26
mid00787,pid0071,high_frequency,26
mid00788,pid0649,regular,26
mid00789,pid0158,occasional,30
mid00790,pid0076,regular,26
mid00791,pid0411,regular,30
mid00792,pid0429,high_frequency,30
mid00793,pid0369,regular,30
mid00794,pid0609,high_frequency,30
mid00795,pid0255,occasional,30
mid00796,pid0663,occasional,30
mid00797,pid0661,regular,30
mid00798,pid0340,occasional,26
mid00799,pid0265,occasional,16
mid00800,pid0572,regular,30
mid00801,pid0457,regular,26
mid00802,pid0696,regular,30
mid00803,pid0354,regular,16
mid00804,pid0426,occasional,16
mid00805,pid0146,high_frequency,26
mid00806,pid0212,occasional,30
mid00807,pid0100,occasional,26
mid00808,pid0327,regular,16
mid00809,pid0118,occasional,16
mid00810,pid0112,occasional,30
mid00811,pid0250,occasional,30
mid00812,pid0339,regular,30
mid00813,pid0238,high_frequency,26
mid00814,pid0656,occasional,30
mid00815,pid0629,occasional,16
mid00816,pid0399,regular,16
mid00817,pid0286,occasional,30
mid00818,pid0592,regular,16
mid00819,pid0192,high_frequency,26
mid00820,pid0117,occasional,26
mid00821,pid0541,high_frequency,30
mid00822,pid0626,regular,26
mid00823,pid0361,occasional,26
mid00824,pid0690,occasional,30
mid00825,pid0630,occasional,30
mid00826,pid0321,regular,16
mid00827,pid0188,occasional,26
mid00828,pid0398,occasional,26
mid00829,pid0393,occasional,26
mid00830,pid0551,regular,30
mid00831,pid0178,regular,30
mid00832,pid0144,regular,16
mid00833,pid0635,high_frequency,16
mid00834,pid0010,occasional,26
mid00835,pid0394,occasional,30
mid00836,pid0419,regular,30
mid00837,pid0455,occasional,26
mid00838,pid0032,occasional,16
mid00839,pid0231,occasional,30
mid00840,pid0469,occasional,30
mid00841,pid0508,regular,30
mid00842,pid0117,occasional,26
mid00843,pid0376,regular,30
mid00844,pid0452,regular,30
mid00845,pid0105,high_frequency,30
mid00846,pid0254,regular,26
mid00847,pid0461,high_frequency,26
mid00848,pid0090,high_frequency,26
mid00849,pid0243,high_frequency,16
mid00850,pid0360,regular,30
mid00851,pid0170,regular,30
mid00852,pid0212,regular,16
mid00853,pid0288,occasional,30
mid00854,pid0300,occasional,26
mid00855,pid0527,occasional,30
mid00856,pid0422,occasional,16
mid00857,pid0130,high_frequency,30
mid00858,pid0150,occasional,30
mid00859,pid0693,high_frequency,26
mid00860,pid0648,occasional,26
mid00861,pid0463,occasional,16
mid00862,pid0096,regular,26
mid00863,pid0378,regular,26
mid00864,pid0596,regular,16
mid00865,pid0096,regular,30
mid00866,pid0367,regular,16
mid00867,pid0224,regular,26
mid00868,pid0275,occasional,26
mid00869,pid0561,occasional,30
mid00870,pid0497,regular,26
mid00871,pid0050,regular,16
mid00872,pid0471,regular,16
mid00873,pid0162,high_frequency,26
mid00874,pid0439,occasional,16
mid00875,pid0666,high_frequency,26
mid00876,pid0281,high_frequency,16
mid00877,pid0085,occasional,26
mid00878,pid0170,high_frequency,16
mid00879,pid0240,regular,26
mid00880,pid0098,occasional,16
mid00881,pid0136,regular,30
mid00882,pid0456,regular,16
mid00883,pid0124,regular,26
mid00884,pid0073,occasional,16
mid00885,pid0105,occasional,16
mid00886,pid0307,occasional,16
mid00887,pid0137,regular,30
mid00888,pid0544,occasional,30
mid00889,pid0169,regular,26
mid00890,pid0644,regular,30
mid00891,pid0631,high_frequency,30
mid00892,pid0089,high_frequency,16
mid00893,pid0604,regular,30
mid00894,pid0440,occasional,26
mid00895,pid0284,occasional,30
mid00896,pid0616,occasional,30
mid00897,pid0028,regular,30
mid00898,pid0531,occasional,30
mid00899,pid0402,occasional,26
mid00900,pid0246,occasional,26
mid00901,pid0512,occasional,30
mid00902,pid0013,occasional,26
mid00903,pid0397,occasional,30
mid00904,pid0700,occasional,16
mid00905,pid0075,regular,16
mid00906,pid0269,occasional,16
mid00907,pid0408,high_frequency,30
mid00908,pid0514,regular,26
mid00909,pid0085,regular,30
mid00910,pid0157,regular,26
mid00911,pid0524,occasional,16
mid00912,pid0335,occasional,26
mid00913,pid0666,regular,30
mid00914,pid0448,occasional,30
mid00915,pid0060,high_frequency,16
mid00916,pid0119,high_frequency,26
mid00917,pid0317,regular,30
mid00918,pid0141,occasional,30
mid00919,pid0356,occasional,30
mid00920,pid0266,regular,16
mid00921,pid0276,occasional,30
mid00922,pid0031,occasional,26
mid00923,pid0537,occasional,16
mid00924,pid0591,regular,30
mid00925,pid0524,regular,26
mid00926,pid0581,regular,16
mid00927,pid0106,occasional,30
mid00928,pid0234,regular,30
mid00929,pid0013,occasional,16
mid00930,pid0393,regular,16
mid00931,pid0037,high_frequency,30
mid00932,pid0672,high_frequency,26
mid00933,pid0427,occasional,30
mid00934,pid0080,occasional,30
mid00935,pid0690,occasional,16
mid00936,pid0529,occasional,16
mid00937,pid0477,occasional,26
mid00938,pid0336,high_frequency,16
mid00939,pid0378,regular,16
mid00940,pid0312,regular,30
mid00941,pid0378,occasional,30
mid00942,pid0201,high_frequency,30
mid00943,pid0252,regular,16
mid00944,pid0025,high_frequency,16
mid00945,pid0010,occasional,26
mid00946,pid0386,regular,30
mid00947,pid0211,occasional,30
mid00948,pid0062,occasional,16
mid00949,pid0045,occasional,16
mid00950,pid0423,high_frequency,30
mid00951,pid0087,occasional,30
mid00952,pid0653,regular,26
mid00953,pid0064,regular,26
mid00954,pid0243,high_frequency,26
mid00955,pid0403,high_frequency,30
mid00956,pid0326,regular,26
mid00957,pid0208,occasional,16
mid00958,pid0112,regular,16
mid00959,pid0478,occasional,26
mid00960,pid0367,occasional,16
mid00961,pid0272,occasional,16
mid00962,pid0312,occasional,30
mid00963,pid0221,regular,26
mid00964,pid0255,occasional,26
mid00965,pid0694,regular,26
mid00966,pid0179,high_frequency,16
mid00967,pid0570,high_frequency,30
mid00968,pid0474,occasional,16
mid00969,pid0125,regular,16
mid00970,pid0228,high_frequency,16
mid00971,pid0382,high_frequency,30
mid00972,pid0087,high_frequency,30
mid00973,pid0077,occasional,16
mid00974,pid0662,occasional,26
mid00975,pid0340,occasional,16
mid00976,pid0052,high_frequency,16
mid00977,pid0405,regular,26
mid00978,pid0437,occasional,16
mid00979,pid0192,occasional,26
mid00980,pid0153,occasional,16
mid00981,pid0252,regular,30
mid00982,pid0564,regular,26
mid00983,pid0141,occasional,26
mid00984,pid0539,regular,16
mid00985,pid0557,high_frequency,16
mid00986,pid0368,regular,26
mid00987,pid0353,regular,30
mid00988,pid0277,occasional,16
mid00989,pid0225,occasional,16
mid00990,pid0288,high_frequency,16
mid00991,pid0543,high_frequency,26
mid00992,pid0239,regular,16
mid00993,pid0247,occasional,26
mid00994,pid0058,high_frequency,16
mid00995,pid0398,high_frequency,26
mid00996,pid0178,high_frequency,16
mid00997,pid0368,regular,30
mid00998,pid0361,regular,30
mid00999,pid0193,occasional,26
mid01000,pid0503,occasional,16
mid01001,pid0617,occasional,16
mid01002,pid0001,regular,26
mid01003,pid0134,regular,26
mid01004,pid0332,occasional,16
mid01005,pid0146,occasional,16
mid01006,pid0374,regular,16
mid01007,pid0679,regular,26
mid01008,pid0310,occasional,26
mid01009,pid0448,high_frequency,30
mid01010,pid0325,regular,16
mid01011,pid0629,high_frequency,26
mid01012,pid0180,regular,26
mid01013,pid0302,regular,16
mid01014,pid0587,regular,26
mid01015,pid0582,high_frequency,16
mid01016,pid0627,regular,16
mid01017,pid0509,regular,16
mid01018,pid0244,regular,26
mid01019,pid0091,occasional,30
mid01020,pid0344,regular,26
mid01021,pid0256,occasional,30
mid01022,pid0111,occasional,30
mid01023,pid0449,occasional,30
mid01024,pid0424,high_frequency,26
mid01025,pid0560,occasional,26
mid01026,pid0592,high_frequency,30
mid01027,pid0167,regular,26
mid01028,pid0035,regular,26
mid01029,pid0108,occasional,16
mid01030,pid0385,occasional,16
mid01031,pid0096,occasional,26
mid01032,pid0495,high_frequency,30
mid01033,pid0670,occasional,16
mid01034,pid0161,high_frequency,16
mid01035,pid0195,occasional,26
mid01036,pid0554,regular,26
mid01037,pid0244,occasional,16
mid01038,pid0563,occasional,26
mid01039,pid0004,occasional,26
mid01040,pid0678,occasional,30
mid01041,pid0100,regular,16
mid01042,pid0299,occasional,16
mid01043,pid0316,high_frequency,26
mid01044,pid0677,regular,26
mid01045,pid0397,regular,16
mid01046,pid0457,occasional,16
mid01047,pid0270,occasional,16
mid01048,pid0064,occasional,16
mid01049,pid0100,regular,16
mid01050,pid0555,occasional,26
mid01051,pid0567,regular,16
mid01052,pid0536,occasional,26
mid01053,pid0487,regular,30
mid01054,pid0307,occasional,16
mid01055,pid0036,high_frequency,30
mid01056,pid0586,high_frequency,30
mid01057,pid0460,occasional,16
mid01058,pid0198,high_frequency,16
mid01059,pid0700,occasional,26
mid01060,pid0643,high_frequency,16
mid01061,pid0328,regular,30
mid01062,pid0090,high_frequency,26
mid01063,pid0334,occasional,26
mid01064,pid0013,regular,30
mid01065,pid0430,regular,16
mid01066,pid0581,occasional,30
mid01067,pid0103,regular,16
mid01068,pid0293,regular,30
mid01069,pid0421,occasional,26
mid01070,pid0586,regular,30
mid01071,pid0283,occasional,26
mid01072,pid0698,regular,30
mid01073,pid0340,occasional,30
mid01074,pid0487,occasional,26
mid01075,pid0346,occasional,26
mid01076,pid0504,occasional,30
mid01077,pid0234,occasional,16
mid01078,pid0454,high_frequency,26
mid01079,pid0620,regular,30
mid01080,pid0217,occasional,26
mid01081,pid0529,regular,26
mid01082,pid0163,occasional,16
mid01083,pid0414,regular,16
mid01084,pid0583,high_frequency,16
mid01085,pid0206,occasional,16
mid01086,pid0052,occasional,26
mid01087,pid0378,occasional,26
mid01088,pid0127,occasional,30
mid01089,pid0501,occasional,30
mid01090,pid0486,occasional,30
mid01091,pid0168,occasional,26
mid01092,pid0093,high_frequency,26
mid01093,pid0167,occasional,30
mid01094,pid0227,high_frequency,30
mid01095,pid0276,regular,30
mid01096,pid0699,regular,16
mid01097,pid0663,high_frequency,16
mid01098,pid0230,high_frequency,26
mid01099,pid0313,high_frequency,30
mid01100,pid0434,regular,26
mid01101,pid0259,occasional,16
mid01102,pid0534,occasional,30
mid01103,pid0008,regular,30
mid01104,pid0384,high_frequency,30
mid01105,pid0290,regular,26
mid01106,pid0066,occasional,26
mid01107,pid0284,regular,26
mid01108,pid0668,regular,26
mid01109,pid0247,occasional,16
mid01110,pid0615,high_frequency,26
mid01111,pid0144,occasional,30
mid01112,pid0303,regular,26
mid01113,pid0398,occasional,30
mid01114,pid0586,regular,16
mid01115,pid0228,regular,30
mid01116,pid0488,regular,30
mid01117,pid0175,regular,30
mid01118,pid0301,regular,16
mid01119,pid0265,occasional,30
mid01120,pid0344,high_frequency,30
mid01121,pid0229,occasional,30
mid01122,pid0340,occasional,26
mid01123,pid0475,regular,16
mid01124,pid0650,occasional,30
mid01125,pid0073,high_frequency,26
mid01126,pid0123,occasional,30
mid01127,pid0424,regular,16
mid01128,pid0141,high_frequency,16
mid01129,pid0584,occasional,26
mid01130,pid0185,occasional,16
mid01131,pid0182,occasional,26
mid01132,pid0463,occasional,26
mid01133,pid0173,regular,30
mid01134,pid0091,occasional,16
mid01135,pid0440,occasional,26
mid01136,pid0393,high_frequency,16
mid01137,pid0383,regular,16
mid01138,pid0544,occasional,16
mid01139,pid0642,regular,30
mid01140,pid0353,occasional,26
mid01141,pid0516,occasional,30
mid01142,pid0047,occasional,26
mid01143,pid0533,occasional,30
mid01144,pid0138,occasional,26
mid01145,pid0193,regular,16
mid01146,pid0414,high_frequency,16
mid01147,pid0135,occasional,16
mid01148,pid0517,occasional,16
mid01149,pid0667,occasional,16
mid01150,pid0262,high_frequency,30
mid01151,pid0050,occasional,30
mid01152,pid0021,regular,16
mid01153,pid0455,occasional,26
mid01154,pid0486,regular,30
mid01155,pid0646,occasional,16
mid01156,pid0104,occasional,30
mid01157,pid0621,occasional,30
mid01158,pid0108,occasional,30
mid01159,pid0290,regular,16
mid01160,pid0204,occasional,30
mid01161,pid0536,regular,16
mid01162,pid0303,regular,16
mid01163,pid0213,regular,30
mid01164,pid0241,regular,16
mid01165,pid0114,regular,30
mid01166,pid0093,regular,30
mid01167,pid0104,regular,26
mid01168,pid0304,occasional,26
mid01169,pid0179,occasional,16
mid01170,pid0694,occasional,26
mid01171,pid0098,regular,16
mid01172,pid0680,high_frequency,30
mid01173,pid0449,occasional,30
mid01174,pid0096,high_frequency,26
mid01175,pid0117,occasional,26
mid01176,pid0279,high_frequency,26
mid01177,pid0432,high_frequency,30
mid01178,pid0116,regular,16
mid01179,pid0164,regular,16
mid01180,pid0495,high_frequency,30
mid01181,pid0626,occasional,26
mid01182,pid0030,occasional,30
mid01183,pid0134,high_frequency,26
mid01184,pid0422,regular,26
mid01185,pid0671,occasional,26
mid01186,pid0695,regular,30
mid01187,pid0579,regular,16
mid01188,pid0634,regular,16
mid01189,pid0355,occasional,30
mid01190,pid0572,occasional,30
mid01191,pid0518,high_frequency,26
mid01192,pid0504,occasional,26
mid01193,pid0520,occasional,16
mid01194,pid0241,occasional,16
mid01195,pid0091,regular,26
mid01196,pid0670,high_frequency,16
mid01197,pid0563,occasional,16
mid01198,pid0634,regular,30
mid01199,pid0671,regular,30
mid01200,pid0056,occasional,16
mid01201,pid0635,regular,30
mid01202,pid0464,occasional,16
mid01203,pid0350,occasional,26
mid01204,pid0561,regular,30
mid01205,pid0169,occasional,26
mid01206,pid0420,regular,16
mid01207,pid0403,occasional,16
mid01208,pid0347,occasional,16
mid01209,pid0689,high_frequency,30
mid01210,pid0675,regular,30
mid01211,pid0005,high_frequency,30
mid01212,pid0600,high_frequency,26
mid01213,pid0182,high_frequency,30
mid01214,pid0107,high_frequency,26
mid01215,pid0517,high_frequency,26
mid01216,pid0255,high_frequency,26
mid01217,pid0464,high_frequency,16
mid01218,pid0525,regular,26
mid01219,pid0567,high_frequency,30
mid01220,pid0298,regular,30
mid01221,pid0666,occasional,16
mid01222,pid0119,regular,26
mid01223,pid0684,regular,30
mid01224,pid0547,high_frequency,26
mid01225,pid0536,high_frequency,16
mid01226,pid0058,occasional,16
mid01227,pid0294,occasional,30
mid01228,pid0303,occasional,16
mid01229,pid0464,occasional,16
mid01230,pid0230,regular,30
mid01231,pid0295,occasional,30
mid01232,pid0427,occasional,30
mid01233,pid0258,occasional,16
mid01234,pid0454,high_frequency,16
mid01235,pid0377,regular,30
mid01236,pid0199,occasional,26
mid01237,pid0192,regular,16
mid01238,pid0439,occasional,26
mid01239,pid0262,occasional,16
mid01240,pid0041,high_frequency,16
mid01241,pid0641,occasional,30
mid01242,pid0587,regular,30
mid01243,pid0539,regular,16
mid01244,pid0518,occasional,16
mid01245,pid0358,occasional,16
mid01246,pid0370,occasional,26
mid01247,pid0487,regular,30
mid01248,pid0118,regular,30
mid01249,pid0629,high_frequency,30
mid01250,pid0329,regular,26
mid01251,pid0263,occasional,30
mid01252,pid0384,high_frequency,30
mid01253,pid0304,regular,30
mid01254,pid0099,occasional,16
mid01255,pid0642,regular,16
mid01256,pid0435,regular,16
mid01257,pid0446,regular,30
mid01258,pid0158,regular,16
mid01259,pid0076,occasional,16
mid01260,pid0589,regular,16
mid01261,pid0646,occasional,26
mid01262,pid0122,occasional,30
mid01263,pid0600,regular,16
mid01264,pid0515,occasional,16
mid01265,pid0089,occasional,26
mid01266,pid0677,occasional,16
mid01267,pid0401,occasional,30
mid01268,pid0694,occasional,30
mid01269,pid0567,high_frequency,30
mid01270,pid0611,occasional,26
mid01271,pid0216,occasional,30
mid01272,pid0423,occasional,30
mid01273,pid0227,occasional,30
mid01274,pid0688,occasional,30
mid01275,pid0563,regular,26
mid01276,pid0069,occasional,26
mid01277,pid0339,regular,26
mid01278,pid0292,occasional,30
mid01279,pid0462,occasional,26
mid01280,pid0157,regular,30
mid01281,pid0439,occasional,16
mid01282,pid0657,regular,26
mid01283,pid0340,occasional,26
mid01284,pid0499,regular,30
mid01285,pid0288,regular,16
mid01286,pid0642,occasional,16
mid01287,pid0520,occasional,30
mid01288,pid0605,regular,16
mid01289,pid0553,occasional,26
mid01290,pid0229,occasional,30
mid01291,pid0514,occasional,30
mid01292,pid0679,regular,16
mid01293,pid0170,high_frequency,30
mid01294,pid0580,occasional,30
mid01295,pid0496,regular,26
mid01296,pid0065,regular,26
mid01297,pid0531,regular,26
mid01298,pid0048,regular,16
mid01299,pid0534,regular,30
mid01300,pid0593,regular,30
mid01301,pid0375,regular,30
mid01302,pid0258,occasional,26
mid01303,pid0354,occasional,26
mid01304,pid0514,regular,16
mid01305,pid0659,occasional,26
mid01306,pid0617,occasional,30
mid01307,pid0339,occasional,30
mid01308,pid0216,regular,30
mid01309,pid0250,occasional,16
mid01310,pid0645,occasional,30
mid01311,pid0171,occasional,26
mid01312,pid0614,high_frequency,30
mid01313,pid0678,regular,26
mid01314,pid0483,occasional,26
mid01315,pid0147,occasional,30
mid01316,pid0524,regular,26
mid01317,pid0465,occasional,30
mid01318,pid0136,occasional,16
mid01319,pid0517,high_frequency,30
mid01320,pid0182,regular,26
mid01321,pid0545,occasional,30
mid01322,pid0134,regular,30
mid01323,pid0695,high_frequency,30
mid01324,pid0045,occasional,30
mid01325,pid0494,high_frequency,26
mid01326,pid0590,regular,16
mid01327,pid0239,regular,16
mid01328,pid0264,regular,16
mid01329,pid0592,regular,30
mid01330,pid0211,occasional,30
mid01331,pid0159,occasional,26
mid01332,pid0549,occasional,26
mid01333,pid0697,occasional,26
mid01334,pid0571,regular,26
mid01335,pid0260,regular,26
mid01336,pid0142,regular,30
mid01337,pid0166,occasional,16
mid01338,pid0564,regular,30
mid01339,pid0399,occasional,30
mid01340,pid0483,high_frequency,30
mid01341,pid0380,occasional,16
mid01342,pid0411,occasional,30
mid01343,pid0612,regular,16
mid01344,pid0507,occasional,26
mid01345,pid0531,regular,26
mid01346,pid0529,regular,30
mid01347,pid0369,regular,16
mid01348,pid0283,occasional,26
mid01349,pid0206,occasional,30
mid01350,pid0093,occasional,30
mid01351,pid0597,regular,26
mid01352,pid0621,occasional,16
mid01353,pid0268,regular,16
mid01354,pid0516,regular,26
mid01355,pid0264,high_frequency,30
mid01356,pid0454,occasional,26
mid01357,pid0348,occasional,26
mid01358,pid0029,regular,26
mid01359,pid0226,occasional,30
mid01360,pid0362,occasional,30
mid01361,pid0255,high_frequency,26
mid01362,pid0351,regular,16
mid01363,pid0363,regular,16
mid01364,pid0700,occasional,16
mid01365,pid0248,occasional,26
mid01366,pid0634,high_frequency,26
mid01367,pid0081,occasional,30
mid01368,pid0555,regular,16
mid01369,pid0505,regular,30
mid01370,pid0524,occasional,26
mid01371,pid0056,regular,30
mid01372,pid0034,high_frequency,30
mid01373,pid0179,regular,26
mid01374,pid0009,regular,16
mid01375,pid0334,regular,26
mid01376,pid0270,occasional,16
mid01377,pid0375,regular,16
mid01378,pid0382,occasional,26
mid01379,pid0586,regular,16
mid01380,pid0277,high_frequency,16
mid01381,pid0150,occasional,30
mid01382,pid0432,occasional,26
mid01383,pid0530,high_frequency,30
mid01384,pid0257,regular,30
mid01385,pid0168,occasional,16
mid01386,pid0645,regular,16
mid01387,pid0369,occasional,30
mid01388,pid0021,occasional,26
mid01389,pid0621,regular,16
mid01390,pid0179,regular,26
mid01391,pid0458,regular,16
mid01392,pid0149,regular,16
mid01393,pid0647,occasional,30
mid01394,pid0082,high_frequency,16
mid01395,pid0299,occasional,30
mid01396,pid0456,occasional,26
mid01397,pid0424,high_frequency,16
mid01398,pid0241,occasional,30
mid01399,pid0082,regular,16
mid01400,pid0485,occasional,30
mid01401,pid0086,occasional,16
mid01402,pid0400,occasional,26
mid01403,pid0642,occasional,16
mid01404,pid0036,occasional,30
mid01405,pid0488,occasional,26
mid01406,pid0456,occasional,16
mid01407,pid0612,occasional,26
mid01408,pid0446,high_frequency,30
mid01409,pid0356,occasional,26
mid01410,pid0316,occasional,26
mid01411,pid0001,occasional,30
mid01412,pid0294,occasional,26
mid01413,pid0489,high_frequency,26
mid01414,pid0612,regular,16
mid01415,pid0422,occasional,30
mid01416,pid0662,occasional,26
mid01417,pid0433,occasional,30
mid01418,pid0628,regular,30
mid01419,pid0545,regular,26
mid01420,pid0140,occasional,26
mid01421,pid0279,regular,30
mid01422,pid0156,occasional,16
mid01423,pid0289,high_frequency,26
mid01424,pid0239,regular,16
mid01425,pid0431,occasional,26
mid01426,pid0475,high_frequency,30
mid01427,pid0150,occasional,16
mid01428,pid0482,occasional,16
mid01429,pid0391,occasional,16
mid01430,pid0395,regular,26
mid01431,pid0472,occasional,30
mid01432,pid0214,regular,26
mid01433,pid0331,occasional,16
mid01434,pid0563,regular,30
mid01435,pid0204,regular,26
mid01436,pid0116,regular,16
mid01437,pid0283,occasional,30
mid01438,pid0044,occasional,30
mid01439,pid0159,regular,26
mid01440,pid0094,occasional,30
mid01441,pid0641,high_frequency,16
mid01442,pid0110,regular,16
mid01443,pid0661,high_frequency,26
mid01444,pid0022,regular,30
mid01445,pid0041,occasional,26
mid01446,pid0502,occasional,16
mid01447,pid0480,occasional,26
mid01448,pid0568,high_frequency,16
mid01449,pid0270,occasional,30
mid01450,pid0519,regular,26
mid01451,pid0373,occasional,30
mid01452,pid0552,occasional,26
mid01453,pid0565,regular,16
mid01454,pid0330,occasional,16
mid01455,pid0133,occasional,16
mid01456,pid0197,occasional,16
mid01457,pid0674,high_frequency,26
mid01458,pid0051,regular,26
mid01459,pid0214,occasional,30
mid01460,pid0480,high_frequency,30
mid01461,pid0426,regular,26
mid01462,pid0273,high_frequency,30
mid01463,pid0080,high_frequency,16
mid01464,pid0545,regular,26
mid01465,pid0584,regular,30
mid01466,pid0109,regular,30
mid01467,pid0682,regular,26
mid01468,pid0412,occasional,30
mid01469,pid0615,regular,26
mid01470,pid0333,regular,26
mid01471,pid0332,occasional,30
mid01472,pid0564,occasional,30
mid01473,pid0407,regular,16
mid01474,pid0017,occasional,30
mid01475,pid0308,occasional,16
mid01476,pid0283,occasional,30
mid01477,pid0159,high_frequency,16
mid01478,pid0272,occasional,26
mid01479,pid0308,occasional,16
mid01480,pid0080,high_frequency,30
mid01481,pid0591,occasional,16
mid01482,pid0591,occasional,26
mid01483,pid0343,high_frequency,26
mid01484,pid0124,high_frequency,16
mid01485,pid0012,regular,30
mid01486,pid0537,occasional,16
mid01487,pid0515,occasional,30
mid01488,pid0403,regular,26
mid01489,pid0228,regular,26
mid01490,pid0345,occasional,16
mid01491,pid0409,occasional,26
mid01492,pid0134,occasional,16
mid01493,pid0668,regular,30
mid01494,pid0537,high_frequency,16
mid01495,pid0332,regular,30
mid01496,pid0434,regular,26
mid01497,pid0672,occasional,16
mid01498,pid0632,high_frequency,26
mid01499,pid0240,occasional,16
mid01500,pid0088,regular,16
mid01501,pid0152,high_frequency,26
mid01502,pid0313,high_frequency,26
mid01503,pid0551,occasional,16
mid01504,pid0562,regular,26
mid01505,pid0685,occasional,16
mid01506,pid0045,regular,26
mid01507,pid0633,occasional,26
mid01508,pid0069,high_frequency,26
mid01509,pid0676,high_frequency,26
mid01510,pid0665,occasional,26
mid01511,pid0102,regular,26
mid01512,pid0191,regular,16
mid01513,pid0023,regular,16
mid01514,pid0502,occasional,26
mid01515,pid0361,occasional,26
mid01516,pid0514,high_frequency,26
mid01517,pid0397,occasional,16
mid01518,pid0350,occasional,26
mid01519,pid0534,regular,30
mid01520,pid0428,regular,16
mid01521,pid0620,high_frequency,26
mid01522,pid0142,occasional,30
mid01523,pid0142,occasional,26
mid01524,pid0139,regular,26
mid01525,pid0162,high_frequency,26
mid01526,pid0122,high_frequency,16
mid01527,pid0031,occasional,26
mid01528,pid0653,occasional,30
mid01529,pid0135,occasional,16
mid01530,pid0274,regular,30
mid01531,pid0237,regular,30
mid01532,pid0489,regular,16
mid01533,pid0666,regular,26
mid01534,pid0141,regular,16
mid01535,pid0016,occasional,26
mid01536,pid0208,regular,16
mid01537,pid0450,high_frequency,30
mid01538,pid0253,high_frequency,26
mid01539,pid0390,regular,30
mid01540,pid0586,high_frequency,30
mid01541,pid0040,high_frequency,30
mid01542,pid0044,high_frequency,16
mid01543,pid0041,high_frequency,30
mid01544,pid0051,regular,16
mid01545,pid0293,high_frequency,26
mid01546,pid0056,regular,30
mid01547,pid0662,regular,26
mid01548,pid0600,occasional,30
mid01549,pid0462,occasional,16
mid01550,pid0207,high_frequency,26
mid01551,pid0168,regular,30
mid01552,pid0461,occasional,30
mid01553,pid0524,regular,30
mid01554,pid0175,occasional,26
mid01555,pid0167,high_frequency,16
mid01556,pid0316,occasional,26
mid01557,pid0642,occasional,16
mid01558,pid0004,high_frequency,30
mid01559,pid0511,regular,30
mid01560,pid0244,high_frequency,16
mid01561,pid0453,regular,16
mid01562,pid0561,occasional,26
mid01563,pid0213,high_frequency,16
mid01564,pid0038,regular,16
mid01565,pid0618,regular,26
mid01566,pid0427,occasional,16
mid01567,pid0610,regular,30
mid01568,pid0593,high_frequency,26
mid01569,pid0378,occasional,26
mid01570,pid0564,occasional,16
mid01571,pid0282,occasional,26
mid01572,pid0215,occasional,30
mid01573,pid0645,regular,30
mid01574,pid0295,regular,26
mid01575,pid0589,occasional,30
mid01576,pid0509,regular,30
mid01577,pid0185,regular,30
mid01578,pid0002,high_frequency,16
mid01579,pid0213,regular,30
mid01580,pid0574,occasional,30
mid01581,pid0289,occasional,26
mid01582,pid0564,occasional,26
mid01583,pid0350,regular,26
mid01584,pid0180,high_frequency,16
mid01585,pid0491,high_frequency,26
mid01586,pid0160,occasional,30
mid01587,pid0344,regular,26
mid01588,pid0058,high_frequency,30
mid01589,pid0569,regular,30
mid01590,pid0363,regular,16
mid01591,pid0385,occasional,30
mid01592,pid0399,regular,16
mid01593,pid0316,regular,30
mid01594,pid0424,occasional,16
mid01595,pid0310,occasional,16
mid01596,pid0039,occasional,16
mid01597,pid0495,occasional,30
mid01598,pid0537,high_frequency,26
mid01599,pid0101,regular,30
mid01600,pid0038,occasional,26
mid01601,pid0005,regular,26
mid01602,pid0090,regular,26
mid01603,pid0675,occasional,30
mid01604,pid0655,regular,16
mid01605,pid0546,occasional,26
mid01606,pid0153,occasional,16
mid01607,pid0574,high_frequency,30
mid01608,pid0327,occasional,26
mid01609,pid0588,high_frequency,16
mid01610,pid0347,regular,30
mid01611,pid0692,occasional,16
mid01612,pid0402,occasional,16
mid01613,pid0457,regular,30
mid01614,pid0687,high_frequency,30
mid01615,pid0477,regular,30
mid01616,pid0480,high_frequency,16
mid01617,pid0477,regular,26
mid01618,pid0632,occasional,26
mid01619,pid0682,regular,26
mid01620,pid0500,occasional,16
mid01621,pid0473,occasional,16
mid01622,pid0131,regular,30
mid01623,pid0110,regular,26
mid01624,pid0546,regular,26
mid01625,pid0250,occasional,30
mid01626,pid0349,occasional,16
mid01627,pid0446,occasional,30
mid01628,pid0178,regular,30
mid01629,pid0588,high_frequency,26
mid01630,pid0569,regular,16
mid01631,pid0416,occasional,16
mid01632,pid0389,high_frequency,26
mid01633,pid0223,occasional,16
mid01634,pid0001,regular,16
mid01635,pid0400,regular,30
mid01636,pid0325,occasional,26
mid01637,pid0446,regular,30
mid01638,pid0627,regular,30
mid01639,pid0064,high_frequency,26
mid01640,pid0574,occasional,26
mid01641,pid0241,high_frequency,26
mid01642,pid0392,regular,26
mid01643,pid0178,occasional,26
mid01644,pid0369,occasional,26
mid01645,pid0129,high_frequency,16
mid01646,pid0499,occasional,30
mid01647,pid0141,occasional,30
mid01648,pid0619,regular,26
mid01649,pid0566,regular,26
mid01650,pid0620,occasional,16
mid01651,pid0514,regular,26
mid01652,pid0035,regular,16
mid01653,pid0595,occasional,26
mid01654,pid0540,regular,26
mid01655,pid0625,regular,16
mid01656,pid0685,regular,16
mid01657,pid0320,regular,30
mid01658,pid0012,regular,26
mid01659,pid0340,regular,26
mid01660,pid0297,regular,16
mid01661,pid0312,regular,30
mid01662,pid0485,occasional,30
mid01663,pid0299,regular,30
mid01664,pid0130,regular,30
mid01665,pid0136,occasional,30
mid01666,pid0115,occasional,30
mid01667,pid0675,regular,26
mid01668,pid0242,occasional,26
mid01669,pid0352,high_frequency,16
mid01670,pid0508,high_frequency,26
mid01671,pid0653,regular,16
mid01672,pid0056,high_frequency,30
mid01673,pid0172,occasional,26
mid01674,pid0546,regular,16
mid01675,pid0269,occasional,16
mid01676,pid0460,occasional,26
mid01677,pid0043,regular,16
mid01678,pid0443,high_frequency,30
mid01679,pid0274,occasional,16
mid01680,pid0692,occasional,30
mid01681,pid0200,regular,30
mid01682,pid0321,high_frequency,30
mid01683,pid0013,high_frequency,26
mid01684,pid0360,regular,16
mid01685,pid0025,occasional,30
mid01686,pid0223,regular,30
mid01687,pid0089,high_frequency,30
mid01688,pid0664,regular,30
mid01689,pid0189,high_frequency,26
mid01690,pid0655,high_frequency,26
mid01691,pid0684,regular,26
mid01692,pid0064,occasional,26
mid01693,pid0272,occasional,16
mid01694,pid0206,high_frequency,30
mid01695,pid0148,regular,30
mid01696,pid0109,regular,26
mid01697,pid0073,occasional,30
mid01698,pid0510,occasional,16
mid01699,pid0681,high_frequency,26
mid01700,pid0401,occasional,30
mid01701,pid0503,high_frequency,26
mid01702,pid0072,regular,30
mid01703,pid0494,high_frequency,16
mid01704,pid0342,high_frequency,30
mid01705,pid0663,regular,16
mid01706,pid0083,high_frequency,26
mid01707,pid0181,regular,30
mid01708,pid0307,regular,30
mid01709,pid0368,regular,26
mid01710,pid0195,occasional,16
mid01711,pid0608,regular,16
mid01712,pid0659,regular,26
mid01713,pid0461,high_frequency,16
mid01714,pid0044,occasional,26
mid01715,pid0536,regular,26
mid01716,pid0594,regular,16
mid01717,pid0670,occasional,16
mid01718,pid0249,regular,30
mid01719,pid0052,occasional,26
mid01720,pid0175,regular,30
mid01721,pid0510,occasional,30
mid01722,pid0208,occasional,26
mid01723,pid0695,high_frequency,26
mid01724,pid0559,regular,16
mid01725,pid0047,regular,30
mid01726,pid0145,occasional,26
mid01727,pid0450,regular,16
mid01728,pid0648,occasional,30
mid01729,pid0499,occasional,16
mid01730,pid0668,high_frequency,30
mid01731,pid0488,high_frequency,30
mid01732,pid0536,regular,26
mid01733,pid0039,occasional,30
mid01734,pid0091,regular,30
mid01735,pid0005,occasional,30
mid01736,pid0098,high_frequency,30
mid01737,pid0520,high_frequency,16
mid01738,pid0284,regular,16
mid01739,pid0486,occasional,26
mid01740,pid0056,high_frequency,30
mid01741,pid0343,occasional,30
mid01742,pid0107,regular,30
mid01743,pid0030,occasional,26
mid01744,pid0456,high_frequency,30
mid01745,pid0694,occasional,26
mid01746,pid0101,occasional,16
mid01747,pid0226,occasional,16
mid01748,pid0447,occasional,16
mid01749,pid0397,regular,26
mid01750,pid0368,occasional,26
mid01751,pid0583,occasional,16
mid01752,pid0470,high_frequency,26
mid01753,pid0303,occasional,30
mid01754,pid0627,regular,16
mid01755,pid0089,high_frequency,26
mid01756,pid0222,high_frequency,30
mid01757,pid0439,occasional,30
mid01758,pid0594,occasional,16
mid01759,pid0006,high_frequency,26
mid01760,pid0517,regular,16
mid01761,pid0101,regular,26
mid01762,pid0013,regular,30
mid01763,pid0368,occasional,26
mid01764,pid0492,occasional,30
mid01765,pid0585,regular,30
mid01766,pid0142,regular,30
mid01767,pid0642,high_frequency,26
mid01768,pid0073,high_frequency,26
mid01769,pid0437,occasional,26
mid01770,pid0213,regular,30
mid01771,pid0057,regular,30
mid01772,pid0373,high_frequency,16
mid01773,pid0477,occasional,30
mid01774,pid0180,occasional,30
mid01775,pid0575,regular,30
mid01776,pid0343,occasional,16
mid01777,pid0490,occasional,30
mid01778,pid0215,regular,30
mid01779,pid0362,occasional,26
mid01780,pid0284,regular,16
mid01781,pid0464,occasional,26
mid01782,pid0126,regular,26
mid01783,pid0546,regular,26
mid01784,pid0690,regular,30
mid01785,pid0068,high_frequency,16
mid01786,pid0090,high_frequency,16
mid01787,pid0296,high_frequency,16
mid01788,pid0115,occasional,30
mid01789,pid0210,regular,30
mid01790,pid0301,regular,26
mid01791,pid0136,regular,26
mid01792,pid0661,occasional,16
mid01793,pid0023,occasional,16
mid01794,pid0661,high_frequency,26
mid01795,pid0672,regular,30
mid01796,pid0608,occasional,30
mid01797,pid0562,regular,26
mid01798,pid0136,occasional,26
mid01799,pid0233,regular,26
mid01800,pid0049,high_frequency,16
mid01801,pid0171,occasional,30
mid01802,pid0549,occasional,26
mid01803,pid0683,high_frequency,16
mid01804,pid0043,occasional,26
mid01805,pid0267,occasional,26
mid01806,pid0036,occasional,30
mid01807,pid0152,high_frequency,26
mid01808,pid0167,regular,30
mid01809,pid0026,occasional,26
mid01810,pid0149,regular,26
mid01811,pid0005,occasional,30
mid01812,pid0340,high_frequency,30
mid01813,pid0297,occasional,30
mid01814,pid0579,occasional,30
mid01815,pid0347,high_frequency,30
mid01816,pid0042,regular,16
mid01817,pid0316,regular,16
mid01818,pid0226,regular,26
mid01819,pid0057,occasional,30
mid01820,pid0540,occasional,16
mid01821,pid0285,high_frequency,16
mid01822,pid0457,occasional,30
mid01823,pid0525,high_frequency,26
mid01824,pid0618,regular,30
mid01825,pid0683,high_frequency,26
mid01826,pid0438,occasional,26
mid01827,pid0292,occasional,26
mid01828,pid0457,occasional,30
mid01829,pid0455,occasional,30
mid01830,pid0296,high_frequency,16
mid01831,pid0435,regular,30
mid01832,pid0602,occasional,30
mid01833,pid0311,occasional,26
mid01834,pid0344,regular,16
mid01835,pid0385,high_frequency,16
mid01836,pid0280,occasional,26
mid01837,pid0582,regular,16
mid01838,pid0391,occasional,26
mid01839,pid0310,regular,30
mid01840,pid0475,regular,16
mid01841,pid0158,regular,26
mid01842,pid0652,high_frequency,26
mid01843,pid0295,regular,26
mid01844,pid0661,regular,16
mid01845,pid0284,occasional,26
mid01846,pid0371,regular,30
mid01847,pid0644,high_frequency,30
mid01848,pid0123,high_frequency,26
mid01849,pid0018,regular,26
mid01850,pid0150,regular,26
mid01851,pid0139,high_frequency,26
mid01852,pid0370,occasional,26
mid01853,pid0365,high_frequency,16
mid01854,pid0655,occasional,16
mid01855,pid0644,occasional,16
mid01856,pid0172,occasional,30
mid01857,pid0309,high_frequency,26
mid01858,pid0372,regular,16
mid01859,pid0148,regular,16
mid01860,pid0382,regular,26
mid01861,pid0167,occasional,16
mid01862,pid0227,occasional,16
mid01863,pid0629,high_frequency,30
mid01864,pid0545,high_frequency,30
mid01865,pid0117,regular,26
mid01866,pid0120,high_frequency,16
mid01867,pid0357,occasional,26
mid01868,pid0453,occasional,30
mid01869,pid0351,regular,16
mid01870,pid0122,occasional,16
mid01871,pid0146,high_frequency,30
mid01872,pid0215,occasional,16
mid01873,pid0115,occasional,16
mid01874,pid0442,regular,16
mid01875,pid0676,occasional,30
mid01876,pid0122,occasional,26
mid01877,pid0684,occasional,16
mid01878,pid0127,occasional,30
mid01879,pid0205,regular,16
mid01880,pid0093,occasional,16
mid01881,pid0285,regular,30
mid01882,pid0513,occasional,30
mid01883,pid0584,occasional,16
mid01884,pid0015,high_frequency,30
mid01885,pid0289,regular,16
mid01886,pid0005,regular,30
mid01887,pid0517,high_frequency,30
mid01888,pid0604,occasional,16
mid01889,pid0110,regular,16
mid01890,pid0389,occasional,26
mid01891,pid0418,regular,16
mid01892,pid0127,high_frequency,26
mid01893,pid0508,regular,26
mid01894,pid0042,occasional,16
mid01895,pid0395,regular,26
mid01896,pid0320,regular,30
mid01897,pid0568,occasional,26
mid01898,pid0439,high_frequency,16
mid01899,pid0488,occasional,30
mid01900,pid0691,occasional,26
mid01901,pid0449,occasional,30
mid01902,pid0123,regular,16
mid01903,pid0605,occasional,16
mid01904,pid0173,high_frequency,16
mid01905,pid0347,high_frequency,16
mid01906,pid0414,high_frequency,16
mid01907,pid0512,high_frequency,26
mid01908,pid0596,regular,30
mid01909,pid0660,regular,26
mid01910,pid0618,regular,26
mid01911,pid0151,regular,26
mid01912,pid0502,occasional,26
mid01913,pid0138,regular,16
mid01914,pid0070,regular,26
mid01915,pid0184,occasional,26
mid01916,pid0157,regular,26
mid01917,pid0079,regular,30
mid01918,pid0505,regular,26
mid01919,pid0510,occasional,26
mid01920,pid0352,occasional,30
mid01921,pid0033,occasional,26
mid01922,pid0393,high_frequency,26
mid01923,pid0454,high_frequency,26
mid01924,pid0571,occasional,30
mid01925,pid0169,regular,26
mid01926,pid0399,occasional,26
mid01927,pid0503,regular,30
mid01928,pid0586,regular,26
mid01929,pid0161,regular,30
mid01930,pid0507,occasional,30
mid01931,pid0362,regular,26
mid01932,pid0605,occasional,16
mid01933,pid0358,high_frequency,30
mid01934,pid0641,occasional,26
mid01935,pid0354,occasional,26
mid01936,pid0678,occasional,16
mid01937,pid0320,occasional,30
mid01938,pid0068,high_frequency,26
mid01939,pid0021,occasional,30
mid01940,pid0674,occasional,26
mid01941,pid0432,regular,26
mid01942,pid0603,regular,16
mid01943,pid0400,occasional,26
mid01944,pid0501,occasional,16
mid01945,pid0345,regular,26
mid01946,pid0684,high_frequency,26
mid01947,pid0373,regular,26
mid01948,pid0078,regular,30
mid01949,pid0049,occasional,26
mid01950,pid0232,occasional,30
mid01951,pid0593,high_frequency,16
mid01952,pid0069,occasional,30
mid01953,pid0438,regular,16
mid01954,pid0668,regular,26
mid01955,pid0444,high_frequency,30
mid01956,pid0425,occasional,26
mid01957,pid0465,regular,30
mid01958,pid0020,regular,30
mid01959,pid0192,regular,30
mid01960,pid0479,occasional,26
mid01961,pid0630,regular,26
mid01962,pid0642,regular,16
mid01963,pid0474,occasional,16
mid01964,pid0308,occasional,26
mid01965,pid0066,occasional,30
mid01966,pid0274,high_frequency,26
mid01967,pid0616,occasional,16
mid01968,pid0154,occasional,16
mid01969,pid0318,occasional,26
mid01970,pid0447,regular,26
mid01971,pid0207,high_frequency,16
mid01972,pid0265,occasional,26
mid01973,pid0660,regular,16
mid01974,pid0021,regular,16
mid01975,pid0322,high_frequency,30
mid01976,pid0417,high_frequency,26
mid01977,pid0093,regular,26
mid01978,pid0144,high_frequency,16
mid01979,pid0513,regular,16
mid01980,pid0595,regular,30
mid01981,pid0093,regular,16
mid01982,pid0321,occasional,26
mid01983,pid0400,regular,30
mid01984,pid0434,occasional,16
mid01985,pid0220,occasional,26
mid01986,pid0604,occasional,16
mid01987,pid0116,regular,26
mid01988,pid0700,occasional,16
mid01989,pid0149,occasional,26
mid01990,pid0316,regular,16
mid01991,pid0621,high_frequency,16
mid01992,pid0056,regular,30
mid01993,pid0246,regular,26
mid01994,pid0655,occasional,30
mid01995,pid0125,high_frequency,30
mid01996,pid0454,occasional,26
mid01997,pid0262,high_frequency,26
mid01998,pid0242,high_frequency,26
mid01999,pid0165,high_frequency,26
mid02000,pid0660,occasional,26
mid02001,pid0083,occasional,26
mid02002,pid0341,regular,30
mid02003,pid0103,high_frequency,16
mid02004,pid0068,occasional,26
mid02005,pid0561,regular,30
mid02006,pid0029,regular,16
mid02007,pid0646,regular,26
mid02008,pid0004,regular,26
mid02009,pid0322,regular,30
mid02010,pid0256,occasional,30
mid02011,pid0665,high_frequency,16
mid02012,pid0421,regular,26
mid02013,pid0137,regular,26
mid02014,pid0336,regular,26
mid02015,pid0377,occasional,16
mid02016,pid0585,high_frequency,16
mid02017,pid0572,high_frequency,30
mid02018,pid0092,regular,26
mid02019,pid0173,occasional,16
mid02020,pid0615,regular,26
mid02021,pid0377,occasional,16
mid02022,pid0539,occasional,26
mid02023,pid0465,high_frequency,30
mid02024,pid0209,occasional,16
mid02025,pid0273,high_frequency,26
mid02026,pid0134,regular,26
mid02027,pid0221,occasional,26
mid02028,pid0429,regular,16
mid02029,pid0030,regular,26
mid02030,pid0462,occasional,16
mid02031,pid0663,regular,26
mid02032,pid0137,occasional,26
mid02033,pid0218,occasional,30
mid02034,pid0612,regular,26
mid02035,pid0061,occasional,16
mid02036,pid0483,high_frequency,26
mid02037,pid0613,high_frequency,30
mid02038,pid0006,high_frequency,26
mid02039,pid0310,regular,26
mid02040,pid0573,occasional,16
mid02041,pid0174,occasional,30
mid02042,pid0480,high_frequency,16
mid02043,pid0544,occasional,26
mid02044,pid0321,occasional,16
mid02045,pid0288,regular,30
mid02046,pid0290,high_frequency,26
mid02047,pid0271,high_frequency,30
mid02048,pid0169,occasional,26
mid02049,pid0155,high_frequency,30
mid02050,pid0652,high_frequency,26
mid02051,pid0056,occasional,16
mid02052,pid0267,occasional,16
mid02053,pid0119,regular,26
mid02054,pid0575,occasional,26
mid02055,pid0152,regular,16
mid02056,pid0291,occasional,16
mid02057,pid0521,occasional,26
mid02058,pid0600,high_frequency,16
mid02059,pid0005,high_frequency,30
mid02060,pid0427,regular,16
mid02061,pid0694,regular,16
mid02062,pid0292,occasional,30
mid02063,pid0383,occasional,30
mid02064,pid0332,high_frequency,16
mid02065,pid0676,occasional,26
mid02066,pid0276,regular,30
mid02067,pid0045,occasional,30
mid02068,pid0333,high_frequency,30
mid02069,pid0583,high_frequency,16
mid02070,pid0660,high_frequency,26
mid02071,pid0073,regular,30
mid02072,pid0409,occasional,26
mid02073,pid0409,occasional,16
mid02074,pid0167,high_frequency,26
mid02075,pid0663,occasional,30
mid02076,pid0503,occasional,26
mid02077,pid0618,high_frequency,16
mid02078,pid0377,regular,30
mid02079,pid0398,regular,26
mid02080,pid0434,regular,16
mid02081,pid0378,occasional,30
mid02082,pid0437,occasional,16
mid02083,pid0475,regular,30
mid02084,pid0159,regular,26
mid02085,pid0538,regular,16
mid02086,pid0082,regular,26
mid02087,pid0131,occasional,30
mid02088,pid0255,occasional,30
mid02089,pid0049,occasional,30
mid02090,pid0526,high_frequency,16
mid02091,pid0097,occasional,26
mid02092,pid0260,regular,26
mid02093,pid0516,regular,16
mid02094,pid0474,regular,16
mid02095,pid0403,occasional,16
mid02096,pid0305,occasional,26
mid02097,pid0687,regular,26
mid02098,pid0350,high_frequency,16
mid02099,pid0619,occasional,26
mid02100,pid0445,regular,30
mid02101,pid0120,occasional,16
mid02102,pid0472,regular,30
mid02103,pid0617,high_frequency,30
mid02104,pid0632,occasional,26
mid02105,pid0692,regular,26
mid02106,pid0129,occasional,16
mid02107,pid0017,occasional,30
mid02108,pid0215,high_frequency,26
mid02109,pid0248,occasional,26
mid02110,pid0552,regular,16
mid02111,pid0475,occasional,16
mid02112,pid0120,occasional,16
mid02113,pid0456,occasional,26
mid02114,pid0461,occasional,30
mid02115,pid0584,occasional,26
mid02116,pid0106,occasional,30
mid02117,pid0426,regular,26
mid02118,pid0568,regular,26
mid02119,pid0498,regular,30
mid02120,pid0695,regular,26
mid02121,pid0541,regular,16
mid02122,pid0567,regular,16
mid02123,pid0428,high_frequency,26
mid02124,pid0662,regular,26
mid02125,pid0022,regular,16
mid02126,pid0481,regular,26
mid02127,pid0225,occasional,30
mid02128,pid0617,regular,30
mid02129,pid0301,regular,30
mid02130,pid0427,occasional,30
mid02131,pid0484,regular,16
mid02132,pid0089,occasional,30
mid02133,pid0205,occasional,16
mid02134,pid0426,regular,26
mid02135,pid0571,occasional,16
mid02136,pid0268,occasional,26
mid02137,pid0516,occasional,16
mid02138,pid0441,occasional,16
mid02139,pid0576,occasional,16
mid02140,pid0349,occasional,26
mid02141,pid0571,occasional,26
mid02142,pid0528,occasional,30
mid02143,pid0052,occasional,26
mid02144,pid0114,regular,16
mid02145,pid0105,regular,30
mid02146,pid0172,regular,30
mid02147,pid0371,high_frequency,16
mid02148,pid0453,occasional,30
mid02149,pid0102,regular,16
mid02150,pid0142,occasional,16
mid02151,pid0426,occasional,16
mid02152,pid0486,high_frequency,26
mid02153,pid0088,regular,26
mid02154,pid0425,regular,26
mid02155,pid0543,occasional,26
mid02156,pid0440,occasional,26
mid02157,pid0470,occasional,30
mid02158,pid0031,regular,26
mid02159,pid0530,regular,16
mid02160,pid0412,occasional,16
mid02161,pid0038,occasional,30
mid02162,pid0589,regular,16
mid02163,pid0677,high_frequency,30
mid02164,pid0698,occasional,30
mid02165,pid0322,high_frequency,26
mid02166,pid0541,high_frequency,30
mid02167,pid0414,occasional,26
mid02168,pid0558,occasional,30
mid02169,pid0453,regular,30
mid02170,pid0665,high_frequency,26
mid02171,pid0309,occasional,16
mid02172,pid0400,regular,30
mid02173,pid0130,regular,30
mid02174,pid0096,occasional,30
mid02175,pid0349,occasional,30
mid02176,pid0553,occasional,30
mid02177,pid0312,occasional,30
mid02178,pid0114,high_frequency,30
mid02179,pid0266,high_frequency,30
mid02180,pid0049,occasional,30
mid02181,pid0306,occasional,30
mid02182,pid0348,occasional,16
mid02183,pid0596,regular,30
mid02184,pid0643,high_frequency,30
mid02185,pid0240,high_frequency,26
mid02186,pid0587,occasional,30
mid02187,pid0533,regular,30
mid02188,pid0529,occasional,30
mid02189,pid0370,high_frequency,26
mid02190,pid0436,occasional,26
mid02191,pid0436,occasional,16
mid02192,pid0080,occasional,26
mid02193,pid0603,regular,30
mid02194,pid0271,regular,30
mid02195,pid0451,regular,30
mid02196,pid0427,high_frequency,16
mid02197,pid0497,regular,30
mid02198,pid0526,occasional,30
mid02199,pid0467,regular,26
mid02200,pid0573,regular,26
mid02201,pid0617,high_frequency,26
mid02202,pid0586,occasional,26
mid02203,pid0121,regular,26
mid02204,pid0311,high_frequency,26
mid02205,pid0147,occasional,16
mid02206,pid0050,regular,26
mid02207,pid0188,occasional,30
mid02208,pid0561,occasional,26
mid02209,pid0428,high_frequency,26
mid02210,pid0464,occasional,26
mid02211,pid0621,occasional,16
mid02212,pid0652,occasional,26
mid02213,pid0460,occasional,16
mid02214,pid0092,regular,30
mid02215,pid0397,regular,16
mid02216,pid0554,occasional,16
mid02217,pid0454,regular,30
mid02218,pid0170,regular,30
mid02219,pid0317,regular,30
mid02220,pid0573,occasional,16
mid02221,pid0555,high_frequency,30
mid02222,pid0584,occasional,30
mid02223,pid0515,regular,16
mid02224,pid0545,regular,16
mid02225,pid0211,occasional,16
mid02226,pid0594,regular,26
mid02227,pid0622,high_frequency,26
mid02228,pid0504,regular,16
mid02229,pid0425,occasional,16
mid02230,pid0392,regular,26
mid02231,pid0102,occasional,30
mid02232,pid0262,occasional,16
mid02233,pid0418,occasional,30
mid02234,pid0334,occasional,16
mid02235,pid0306,regular,26
mid02236,pid0423,occasional,26
mid02237,pid0124,occasional,16
mid02238,pid0612,occasional,30
mid02239,pid0517,regular,26
mid02240,pid0326,occasional,26
mid02241,pid0496,occasional,16
mid02242,pid0020,regular,26
mid02243,pid0692,high_frequency,16
mid02244,pid0668,regular,16
mid02245,pid0457,regular,16
mid02246,pid0209,regular,16
mid02247,pid0173,regular,16
mid02248,pid0569,high_frequency,26
mid02249,pid0476,occasional,30
mid02250,pid0172,regular,16
mid02251,pid0494,high_frequency,26
mid02252,pid0697,occasional,26
mid02253,pid0218,high_frequency,30
mid02254,pid0047,regular,16
mid02255,pid0072,regular,26
mid02256,pid0126,occasional,16
mid02257,pid0287,regular,26
mid02258,pid0326,regular,30
mid02259,pid0464,regular,26
mid02260,pid0330,regular,26
mid02261,pid0614,regular,26
mid02262,pid0137,high_frequency,30
mid02263,pid0488,occasional,16
mid02264,pid0178,occasional,26
mid02265,pid0501,high_frequency,26
mid02266,pid0665,occasional,30
mid02267,pid0688,regular,26
mid02268,pid0386,occasional,30
mid02269,pid0009,occasional,16
mid02270,pid0198,occasional,26
mid02271,pid0021,occasional,26
mid02272,pid0367,high_frequency,16
mid02273,pid0641,high_frequency,26
mid02274,pid0240,regular,26
mid02275,pid0505,occasional,30
mid02276,pid0008,regular,16
mid02277,pid0114,regular,26
mid02278,pid0175,regular,30
mid02279,pid0580,regular,30
mid02280,pid0180,regular,16
mid02281,pid0067,occasional,16
mid02282,pid0234,high_frequency,30
mid02283,pid0197,regular,30
mid02284,pid0695,high_frequency,30
mid02285,pid0574,occasional,26
mid02286,pid0657,high_frequency,30
mid02287,pid0331,occasional,26
mid02288,pid0281,high_frequency,16
mid02289,pid0508,regular,26
mid02290,pid0230,regular,16
mid02291,pid0546,high_frequency,26
mid02292,pid0200,occasional,26
mid02293,pid0026,high_frequency,30
mid02294,pid0434,high_frequency,16
mid02295,pid0169,occasional,26
mid02296,pid0641,occasional,16
mid02297,pid0025,regular,30
mid02298,pid0343,regular,26
mid02299,pid0245,occasional,26
mid02300,pid0342,occasional,30
mid02301,pid0075,occasional,30
mid02302,pid0098,occasional,30
mid02303,pid0088,regular,16
mid02304,pid0321,occasional,30
mid02305,pid0064,regular,26
mid02306,pid0642,occasional,26
mid02307,pid0058,occasional,30
mid02308,pid0391,occasional,26
mid02309,pid0421,regular,16
mid02310,pid0676,regular,30
mid02311,pid0476,regular,26
mid02312,pid0692,occasional,16
mid02313,pid0602,regular,16
mid02314,pid0610,occasional,30
mid02315,pid0199,regular,30
mid02316,pid0263,regular,26
mid02317,pid0636,regular,26
mid02318,pid0046,occasional,16
mid02319,pid0447,occasional,30
mid02320,pid0367,regular,26
mid02321,pid0150,high_frequency,16
mid02322,pid0352,occasional,26
mid02323,pid0531,high_frequency,30
mid02324,pid0059,regular,16
mid02325,pid0573,high_frequency,16
mid02326,pid0206,occasional,30
mid02327,pid0071,occasional,26
mid02328,pid0479,regular,30
mid02329,pid0593,occasional,30
mid02330,pid0307,occasional,26
mid02331,pid0466,occasional,16
mid02332,pid0004,occasional,30
mid02333,pid0478,regular,30
mid02334,pid0340,occasional,30
mid02335,pid0189,occasional,16
mid02336,pid0367,occasional,16
mid02337,pid0298,occasional,26
mid02338,pid0369,regular,16
mid02339,pid0291,occasional,16
mid02340,pid0179,high_frequency,26
mid02341,pid0183,regular,16
mid02342,pid0269,occasional,16
mid02343,pid0141,high_frequency,26
mid02344,pid0114,regular,26
mid02345,pid0468,occasional,16
mid02346,pid0677,high_frequency,16
mid02347,pid0639,regular,26
mid02348,pid0122,regular,16
mid02349,pid0195,high_frequency,16
mid02350,pid0384,occasional,26
mid02351,pid0652,occasional,16
mid02352,pid0631,occasional,30
mid02353,pid0302,high_frequency,16
mid02354,pid0645,occasional,26
mid02355,pid0521,occasional,30
mid02356,pid0084,regular,26
mid02357,pid0067,regular,16
mid02358,pid0661,occasional,30
mid02359,pid0476,regular,16
mid02360,pid0539,regular,30
mid02361,pid0507,regular,26
mid02362,pid0654,regular,30
mid02363,pid0225,occasional,16
mid02364,pid0406,high_frequency,16
mid02365,pid0387,occasional,30
mid02366,pid0384,high_frequency,26
mid02367,pid0087,occasional,26
mid02368,pid0236,regular,30
mid02369,pid0637,regular,26
mid02370,pid0443,regular,26
mid02371,pid0325,high_frequency,26
mid02372,pid0453,occasional,16
mid02373,pid0368,regular,16
mid02374,pid0526,high_frequency,30
mid02375,pid0284,occasional,16
mid02376,pid0369,occasional,16
mid02377,pid0202,occasional,30
mid02378,pid0700,occasional,26
mid02379,pid0142,regular,30
mid02380,pid0268,regular,16
mid02381,pid0355,occasional,26
mid02382,pid0594,occasional,30
mid02383,pid0525,regular,16
mid02384,pid0233,occasional,30
mid02385,pid0240,occasional,30
mid02386,pid0480,regular,30
mid02387,pid0088,occasional,26
mid02388,pid0428,occasional,16
mid02389,pid0572,occasional,16
mid02390,pid0132,occasional,26
mid02391,pid0675,occasional,26
mid02392,pid0436,occasional,30
mid02393,pid0551,occasional,26
mid02394,pid0582,regular,16
mid02395,pid0339,occasional,30
mid02396,pid0623,regular,30
mid02397,pid0391,occasional,16
mid02398,pid0396,occasional,16
mid02399,pid0584,occasional,26
mid02400,pid0096,high_frequency,16
mid02401,pid0182,regular,16
mid02402,pid0501,regular,16
mid02403,pid0396,occasional,26
mid02404,pid0676,occasional,30
mid02405,pid0378,regular,30
mid02406,pid0421,occasional,26
mid02407,pid0133,high_frequency,30
mid02408,pid0071,regular,26
mid02409,pid0134,high_frequency,16
mid02410,pid0681,occasional,26
mid02411,pid0318,regular,30
mid02412,pid0470,regular,26
mid02413,pid0147,occasional,26
mid02414,pid0620,high_frequency,16
mid02415,pid0583,occasional,26
mid02416,pid0041,regular,30
mid02417,pid0468,occasional,26
mid02418,pid0305,high_frequency,26
mid02419,pid0180,high_frequency,26
mid02420,pid0633,occasional,30
mid02421,pid0675,regular,16
mid02422,pid0403,regular,30
mid02423,pid0162,occasional,26
mid02424,pid0299,regular,30
mid02425,pid0223,occasional,26
mid02426,pid0567,high_frequency,16
mid02427,pid0108,occasional,30
mid02428,pid0420,regular,26
mid02429,pid0519,occasional,16
mid02430,pid0655,occasional,30
mid02431,pid0391,regular,26
mid02432,pid0200,occasional,26
mid02433,pid0118,occasional,30
mid02434,pid0687,occasional,30
mid02435,pid0070,regular,16
mid02436,pid0449,regular,16
mid02437,pid0166,high_frequency,16
mid02438,pid0103,occasional,16
mid02439,pid0401,occasional,16
mid02440,pid0012,regular,30
mid02441,pid0367,occasional,16
mid02442,pid0692,regular,30
mid02443,pid0049,occasional,30
mid02444,pid0679,regular,30
mid02445,pid0400,high_frequency,30
mid02446,pid0613,occasional,16
mid02447,pid0207,regular,16
mid02448,pid0205,high_frequency,16
mid02449,pid0015,occasional,26
mid02450,pid0686,occasional,16
mid02451,pid0099,high_frequency,30
mid02452,pid0046,regular,26
mid02453,pid0335,occasional,26
mid02454,pid0640,regular,16
mid02455,pid0439,regular,16
mid02456,pid0366,occasional,26
mid02457,pid0670,occasional,26
mid02458,pid0470,occasional,16
mid02459,pid0286,regular,30
mid02460,pid0069,occasional,16
mid02461,pid0614,occasional,26
mid02462,pid0583,regular,16
mid02463,pid0615,high_frequency,26
mid02464,pid0695,regular,30
mid02465,pid0651,occasional,30
mid02466,pid0683,high_frequency,26
mid02467,pid0624,occasional,30
mid02468,pid0656,occasional,30
mid02469,pid0014,regular,16
mid02470,pid0128,regular,26
mid02471,pid0250,regular,30
mid02472,pid0384,occasional,26
mid02473,pid0385,occasional,16
mid02474,pid0613,occasional,26
mid02475,pid0138,high_frequency,26
mid02476,pid0041,regular,30
mid02477,pid0664,high_frequency,26
mid02478,pid0340,occasional,26
mid02479,pid0056,occasional,30
mid02480,pid0228,high_frequency,30
mid02481,pid0330,occasional,16
mid02482,pid0067,regular,26
mid02483,pid0054,high_frequency,30
mid02484,pid0129,high_frequency,16
mid02485,pid0210,regular,16
mid02486,pid0479,occasional,26
mid02487,pid0251,regular,26
mid02488,pid0311,regular,26
mid02489,pid0651,occasional,16
mid02490,pid0493,high_frequency,16
mid02491,pid0408,high_frequency,26
mid02492,pid0433,regular,30
mid02493,pid0160,regular,26
mid02494,pid0438,regular,16
mid02495,pid0308,high_frequency,30
mid02496,pid0180,occasional,26
mid02497,pid0465,regular,26
mid02498,pid0493,regular,16
mid02499,pid0481,occasional,16
mid02500,pid0005,high_frequency,16
mid02501,pid0384,regular,26
mid02502,pid0405,high_frequency,30
mid02503,pid0316,occasional,30
mid02504,pid0040,occasional,16
mid02505,pid0167,high_frequency,16
mid02506,pid0262,occasional,30
mid02507,pid0501,regular,30
mid02508,pid0060,occasional,30
mid02509,pid0253,high_frequency,16
mid02510,pid0371,occasional,30
mid02511,pid0682,regular,30
mid02512,pid0467,occasional,30
mid02513,pid0617,occasional,30
mid02514,pid0166,regular,16
mid02515,pid0660,regular,30
mid02516,pid0601,occasional,16
mid02517,pid0434,high_frequency,16
mid02518,pid0310,occasional,30
mid02519,pid0392,regular,30
mid02520,pid0092,regular,16
mid02521,pid0353,regular,16
mid02522,pid0408,regular,30
mid02523,pid0173,occasional,26
mid02524,pid0428,occasional,30
mid02525,pid0442,regular,16
mid02526,pid0138,occasional,16
mid02527,pid0113,occasional,26
mid02528,pid0191,high_frequency,16
mid02529,pid0197,regular,26
mid02530,pid0452,high_frequency,30
mid02531,pid0652,regular,16
mid02532,pid0387,occasional,16
mid02533,pid0031,occasional,30
mid02534,pid0689,regular,16
mid02535,pid0008,occasional,30
mid02536,pid0043,regular,16
mid02537,pid0008,regular,26
mid02538,pid0273,regular,26
mid02539,pid0619,regular,26
mid02540,pid0352,occasional,26
mid02541,pid0370,occasional,30
mid02542,pid0059,occasional,26
mid02543,pid0103,occasional,16
mid02544,pid0412,high_frequency,30
mid02545,pid0143,high_frequency,16
mid02546,pid0544,occasional,26
mid02547,pid0255,regular,26
mid02548,pid0675,regular,26
